"","A","R","N","D","C","Q","E","G","H","I","L","K","M","F","P","S","T","W","Y","V"
"A",17180592,5,3256,128,1,1,3323,505,2,8,371,0,0,0,23,3670,10592,11,1771,745
"R",3,9122364,6781,4,21,11774,3147,805,90,3152,29737,805,3,10,9550,526,8805,395,2,1
"N",6448,15,19102319,10103,2,3206,18,3226,3446,3193,24,11305,0,11143,1519,26008,13256,1,437,3664
"D",472,3183,3394,13227036,3023,2,1032,11429,73,4,1394,492,0,1926,32,12,3183,0,185,10
"C",375,27,1386,112,8711335,3162,2,387,0,13,1,3166,1,387,0,41,2,19822,34,0
"Q",2,12,1,4,122,13474667,5945,3191,176,0,171,3220,0,5,39,14,3,0,375,1389
"E",19,3187,395,1612,375,197,10406918,86,0,2,6384,131,758,6,4,3535,1384,2762,0,3178
"G",136,1252,1781,25565,29,2,212,18046205,11,9512,3198,3199,7,1367,3,159,3183,15,73,3368
"H",0,134,186,1356,0,14155,3,7,3677626,7,14,3,0,0,20610,3202,13,0,4951,383
"I",1349,247,3352,8,1,1,3,3104,374,16540100,3501,3250,1655,3619,3192,23831,48695,0,373,4751
"L",8,202,19,27,0,3957,0,19,42,221,23440640,3189,1448,1362,8713,7921,3200,3256,5,3399
"K",5,2859,22995,3174,113,1212,33703,3932,6,381,389,13243505,16,379,0,20,26541,119,9655,6368
"M",1,103,8,0,0,6,0,0,0,72,35,419,3044327,1388,382,3166,29,0,0,81
"F",10,3198,517,3436,5090,1773,764,6522,0,231,50012,3193,6,16753895,16,12520,34,3171,216,16076
"P",208,24,3031,1591,13,2237,5,4,3191,3,189,375,0,15,12584104,8583,58,0,12,4981
"S",6245,12596,3949,8,49,7,3529,4810,3188,3214,3423,396,3175,2015,15988,21482337,4103,387,4603,3570
"T",574,99,9898,124,0,5,2,3160,0,292,19,15246,564,3182,136,6979,21019914,0,6,127
"W",0,3180,388,0,13,0,118,4,1,12,13,3053,0,1,0,6,1,2586127,1,2
"Y",5,3177,16001,22612,45,7,7,3070,17873,375,379,3306,0,2164,20,54,377,5,11749491,1348
"V",26022,388,4871,1466,8,1,5557,4032,3,7664,4754,113,124,3598,17,10,3209,1,134,21093141
